                                                                                                                                         Tweet,Sentimen
Udah gak usah bahkan gak perlu nyalahin pemerintah lagi. Disaat ini saling bahu-membahu bersama adalah waktu yg tepat,Positif
"Hi, Dreamers! Kita masih membuka donasi untuk melawan pandemi #corona atau #covid19",Positif
Warga Aceh Tamiang Rapid Test Positif Corona,Positif
@uusbiasaaja suntuk di rumah karena virus #corona ? tenang kini kita punya solusi nya main games ,Positif
Ya kuncinya cuma transparansi sih. Itu aja dulu.,Positif
"@DreamersRadioID: Hi, Dreamers! Kita masih membuka donasi untuk melawan pandemi #corona atau #covid19 ",Positif
"Jangan tunggu lagi,mencegah lebih baik daripada mengobati.",Positif
Aplikasi ini diyakini dapat membantu dalam memutus mata rantai penularan #virus SARS-CoV-2 atau #Corona penyebab,Positif
"etap dirumah ajayaa, Dari pada ketemu aku di Rumah Sakit",Positif
"Demi menghadapi pandemi virus #corona , Pemerintah #india mengambil kebijakan #lockdown . Selama menerapkan kebijakan tersebuy",Positif
Merah Putih Kasih Foundation Salurkan Ratusan APD Baju Hazmat kepada DPRD Kota Tangsel. ,Positif
"Pemerintah Kabupaten Muaro Jambi, Provinsi Jambi, memberikan pembebasan sementara terhadap 8 jenis pajak daerah selama tiga b",Positif
Pemkot Surabaya memberdayakan UMKM untuk memproduksi masker dan alat pelindung diri.,Positif
Imbauan pakai masker dan jaga jarak belum efektif di Malang.,Positif
"Top News Rakyat Merdeka Edisi Cetak, Siap Diisolasi Di Kampung ",Positif
"227 WNA Malaysia yang tengah menyantri di Ponpes Al Fatah, Magetan akan dipulangkan.",Positif
Presiden Jokowi belum lama ini mengumumkan larangan mudik yang berlaku mulai besok #Covid_19 #COVID #COVID19,Positif
Thalapathy dhoolu #RealHeroThalapathyVIJAY#CoronaReliefFund #Corona ,Positif
Gubernur DKI Jakarta Anies Baswedan menyampaikan perpanjangan penerapan Pembatasan Sosial Berskala Besar (PSBB) ,Positif
 Dialognya siapa nih?,Positif
"Semua tunduk pada Pahlawan #COVID, perawat pegang kendali",Positif
"Rasa bersyukur yg tak henti.  Smg selalu dlm keadaan sehat walafiat,  dijauhkan dr segala macam penyakit",Positif
"Pilih mudik tau pulang kampung ya..?Gagas kui.....! Sing di pikir saiki, kapan eneng penerbangan kii?",Positif
"Himbauan kepada Masyarakat untuk mematuhi PSBB dan mencegah penyebaran Virus Corona,",Positif
"Cegah Penyebaran Virus #Corona, #Alfamart Pangkep Bagi-bagi Masker ",Positif
Cara mengisi sensus penduduk online 2020 melalui hp,Positif
"Selamat Menjalankan Ibadah Wajib Puasa #Ramadhan 1441 H, Semoga semua amal ibadah kita diterima oleh Allah SWT.#Corona",Positif
Terimakasih karena tetap bekerja untuk membantu melawan covid-19 di rumah sakit saat kami bekerja di rumah,Positif
"Puan Ajak Dunia Lawan Pandemi Corona | Republika Online Mobile Ajak lawan #Corona, yang di bahas Omnibus Law",Positif
"Ramadhan datang, Corona hilang. Aamiin. Momentum bertaubat dan berdoa. #Ramadhan #dirumahaja #BersatuLawanCovid19",Positif
Kita semua sedang diuji dengan wabah #coronavirus Mari kita tengok kisah Nabi Yunus yang kala itu sedang dalam perut pa,Positif
Yuk makan-makan bareng #ala_santri#dirumahaja #Corona,Positif
"Gubernur Anies mengungkapkan, bahwa pelaksanaan ibadah Ramadan di rumah pernah juga dialami Nabi Muhammad SAW",Positif
Puasa meningkatkan kekebalan tubuh. Sudah dibuktikan oleh kedokteran modern. Ayo kita kalahkan corona dengan berpuasa,Positif
"Alhamdulillah Awal pandemi #corona merebak di Indonesia, masih sempat berkarya dan meluncurkan buku bersama",Positif
"Selamat #harikartini2020 Teknopren. Walau di tengah wabah virus #corona, perekayasa perempuan BPPT tetap berkarya dan berjuang",Positif
 Luar Biasa Tokoh-tokoh Pauh IX Kuranji di Tengah Wabah corona,Positif
Bismillah yuk sama2 berdoa dan berbuat tuk #Corona segera mati dr bumi,Positif
"Covid-19 di Indonesia, Pasien Sembuh 913, Aceh 7 Kasus",Positif
ni penjelasan singkat pak presiden @jokowi mengenai perbedaan antara pulang kampung dan mudik,Positif
 semua para penghuninya dari  virus covid 19 ( Corona ) serta cepatlah berlalu,Positif
"Menyambut datangnya puasa ramadan, Raja Salman bin Abdulaziz al Saud melonggarkan pembatasan di Masjidilharam",Positif
"Harap #Corona Reda, TPQ An-Nahdliyah #Bojonegoro Khatamkan Quran 99 Kali",Positif
Semoga cepat pulih kembali bumi kita semua,Positif
Indonesia menetapkan PSBB dalam wabah #corona #COVID,Positif
Hukum puasa di tengah pandemi #corona,Positif
Semoga selalu baik-baik saja.#dirumahaja,Positif
"@kampungpangkep Pandemik #Corona, #Petani Padi Masih Tersenyum",Positif
"Hari Ini Sidang Isbat Ramadhannya Bareng, Shalatnya di Rumah",Positif
Garry Kasparov Ramaikan Turnamen Catur Online di Tengah Pandemi Covid-19,Positif
"Pandemi Virus Corona Covid-19, Bek Arsenal Bagikan 16 Ribu Makanan Bagi Orang Membutuhkan",Positif
"Semua berharap situasi pandemi corona ini segera membaik, dan semoga demikian yang terjadi",Positif
"Selamat pagi teman"""" digital, besok mungkin sudah sahur, tapi #Corona masih minta dimaki aja, jangan lupa berdo'a",Positif
Hilangkanlah #corona supaya kami bisa menjalankan ibadah di bulan Ramadan bersama-sama.,Positif
Pengumuman Cina tentang pendirian wilayah administrasi baru di kawasan #LautCinaSelatan (LCS) menuai protes keras dari Virus,Positif
Sorry #Corona maaf krna hum nashy mai idhr udhr nikl jaty hain,Positif
Deklarasi ICOR Merespon Pandemi Korona'#indonesia #corona #icor,Positif
" Demi menghadapi pandemi virus #corona , Pemerintah #india mengambil kebijakan #lockdown . Selama menerapkan kebijakan tersebut",Positif
Sebagian Pasien Positif COVID-19 Sudah diswab Kedua ,Positif
Jatim mencatatkan nilai investasi tertinggi se-Indonesia pada kuartal pertama tahun ini. #Covid_19 #COVID #COVID19,Positif
Jumlah pasien positif Covid-19 di Jawa Timur bertambah 34 orang.#Covid_19 #COVID #COVID19,Positif
"Dari bulan Februari lalu, Indonesia kena #CORONA. So, kita juga jarang ketemu lagi, kumpulý, cerita, dll",Positif
"9 dari 15 WNA India yang tengah dikarantina di Depok, Sleman, positif Covid-19.",Positif
Semoga bisa dipertemukan lagi dengan bulan suci penuh berkah ini ya Allah.#Corona pergi,Positif
Tahun ini kita LDR ya ndan karna #corona . Keluarga kita tidak bisa silaturahmi seperti tahun lalu . Aku sangat rindu,Positif
Buat yg berjuang di garda depan melawan virus Corona #dirumahaja #corona #StaySafe,Positif
"Padahal ya, kalaupun toh #mudik dan pulkam itu beda arti, yang jelas baik mudik ataupun #pulkam tetep ada orang",Positif
"Selain Vaksin, ternyata Bio Farma sedang mengembangkan Plasma Darah untuk covid-19",Positif
Cie di sms GUGAS COVID,Positif
Bersama cegah penyebaran covid-19 #Indonesia #corona #mudik,Positif
"Bangka selatan udh Zona hijau lagi , gimana kalo ditmpt kalian ?",Positif
"Semoga masuk sekolah dipercepat , udh g thn lgi",Positif
"Semoga #Corona segera berakhir, dan menjelang #RamadhanSambilRebahan mari kita menundukkan kepala sejenak,",Positif
"Saya setuju kalau ini ada sedikit konspirasi, #corona @laolyyy #LuhutBinsarPandjaitan ",Positif
Guys virus corona bukan ancaman satu2nya ya. Harus waspada sama penyakit lain juga. Tetap sehat ya gaes #RabuAmbyar,Positif
"Selain Vaksin, ternyata Bio Farma sedang mengembangkan Plasma Darah untuk covid-19",Positif
"ini solusi terbaik, terhalus, efektif dan efisien tapi hasil maksimal",Positif
"Dengan diberlakukannya isolasi mandiri, manusia menjadi sadar bahwa pentingnya pembersihan diri",Positif
" Dengan wajib bermasker, manusia menjadi sadar bahwa akan pentingnya sebuah filter",Positif
"Dengan libur bekerja, manusia menjadi sadar bahwa hal itu bukanlah segalanya namun keluargalah yang perlu dijaga",Positif
"Dengan belajar tidak diruang kelas, manusia menjadi sadar bahwa hikmah dan ilmu tersebar",Positif
Jangan karna #viruscorona #corona #covid19 kita jadi berputus asa,Positif
" Dengan dilarangnya ke tempat peribadahan, manusia menjadi sadar bahwa yang terpenting ialah nilai keagaaman",Positif
"Profesor di Sumsel Klaim Temukan Obat #Corona, ",Positif
Tak Lebih dari 5 Hari Pasien #Covid19 sembuh,Positif
Gais berikut hasil penggalangan dana kami untuk bantuan APD di Rumah Sakit Jogja.,Positif
Semoga Covid-19 segera selesai,Positif
Pemkab Cianjur akan segera beli alat Rapid Test.,Positif
"#Corona adalah makhluk Allah, samakan kita juga makhluk Allah?, tapi kita kan makhluk yang lebih berakal dari Corona.",Positif
"Berdasarkan rapid test, sebanyak 31 santri Pondok Pesantren Al-Fatah Magetan dinyatakan positif COVID-19.",Positif
Pak kalau emang #Corona mau ilang yaudah lockdown semuanya jangan ada yang keluar SEMUANYAA BIAR ADILLL BIAR CEPET,Positif
Beberapa pihak meminta Jusuf Kalla dilibatkan karena dianggap mampu untuk penanganan Covid-19,Positif
Semoga Bisa menghibur semua yang stay at home. @Negeri_Sendiri @Jirolupat_,Positif
Kasus transmisi lokal COVID-19 akhirnya terjadi di Yogyakarta.,Positif
Alhamdulillah team @nadeemmalik at @SAMAATV tests negative of #Corona.,Positif
"Namaki menuturkan, kami berhasil menurunkan jumlah kasus positif Corona sekitar 53 persen. Dalam 18 hari terakhir",Positif
Benarkah Bill Gates membuat vaksin virus Corona Covid-19 yang dipasang microchip? #CoronaVirusFacts,Positif
Kredit macet di sejumlah perbankan meningkat akibat pandemi corona,Positif
"Shopii dah mundur dari Liga 1, @PSSI Mending buat Turnamen 2x tahun ini,tahun depan baru Kompetisi lagi Kerjasama ",Positif
"Virus corona udah kaya lagu """"akad""""  berlarian kesana kemari",Positif
Kelar corona and lulus kuliah focus menata youtube,Positif
@yusiarum92 yuh otw dufan abis corona bubar. kita dolan sana ,Positif
Penularan virus corona masih terjadi hingga hari ini. Terapkan pola hidup bersih dan sehat,Positif
"Ilmuwan Indonesia Berhasil Telusuri Asal Virus Corona Yang Datang ke Indonesia, Semuanya Berasal dari China",Positif
Pemrentah mbikin UU Corona tujuannya bwat ngisi kekosongan dasar hukum menghadapi Pagebluk (pandemi) dan sbage dasar ,Positif
"Sedih gue, Ya Allah angkatlah corona ini Ya Allah.",Positif
Kami Akan Senantiasa Melindungi Dan Menjaga Negeri Tercinta Ini,Positif
 Pemerintah telah menyerahkan dokumen PerpuÿCorona kepada DPR. Perpu ini diserahkan agar bisa segera dibahas dan disahkan,Positif
"Yay, akhirnya dana untuk corona yang mega bisa disalurkan untuk penanggulangan wabah ini",Positif
Akhirnya Banggar DPR menerima dan menyetujui Perppu Nomor 1 Tahun 2020 untuk penanganan Covid-19 ditetapkan,Positif
 Wanita bernama Tracey menghebohkan dunia medis. Ia mengklaim bisa mencegah virus corona dengan rutin mengonsumsi sperma.,Positif
 Awalnya disini.  Tdk perlu takut dgn yg namanya virus corona.  Data yg saya terima 84% dpt disembuhkan. ,Positif
Lagi corona kek gini pemerintah nyuruh stay at home kan?,Positif
 Bayangin kalau misalnya besok corona tiba-tiba enyah dari muka bumi.,Positif
Satgas Pencegahan Covid 19 Kab.Pulau Morotai melaksanakan Patroli dan memberikan himbauan kepada warga agar selalu diam dirumah,Positif
"Untuk membantu masyarakat yang terdampak Covid-19, Banggar DPR Setuju Perppu Corona Dibahas jadi UU di Paripurna",Positif
"ya Alhamdulillah aja sih, corona gini selalu ada hikmahnya ya",Positif
"Corona, Social distancing,Kuliah online. Itu bukanlah jadi alasan tuk males2an",Positif
"Pakailah masker kemana anda pergi, mari putus mata rantai penyebaran virus Corona di Kebumen.",Positif
"Yuk, bareng-bareng putus rantai penyebaran virus corona dengan #StopStopSer. Lakukan dan sebarkan pesan ini ",Positif
"Yupz UU corona sangat penting, biar yg suka memanfaatkan kesempitan kapok ",Positif
"Sebentar lagi musim berganti, gaes.. Mudah2n bisa minimalisir virus #Corona",Positif
Menteri yg dulu ingin mengundurkan diri tetapi krn tersandera jejak kasus akhirnya membatalkan KINI lewat telepon bicara ,Positif
"SAH !!!,UU Corona Resmi Disahkan oleh DPR RI, Pemerintah Kini Aman Kelola Duit Darurat Rp.405 Triliun",Positif
UU Korona .Sudah sah jadi uu.saatnya kita  kawal duit rakyat untuk rakyat.ok bro/sis,Positif
4 hari ini cuma keluar duit 10rb.. hmm sisi baik corona,Positif
Pandemi virus corona yang mengguncang banyak industri tidak banyak menggerus permintaan terhadap mobil Ferrari. ,Positif
Sri Mulyani Sebut Perppu Corona Tak Buat Pejabat Kebal Hukum,Positif
Ayo kita dukung landasan hukum buat menangani wabah corona agar semua kebijakan dan penyaluran bantuan,Positif
"Baru 2 minggu yg lalu mulai dilarang, masih sedang dilaksanakan, hingga banyak pemeriksaan di mana2",Positif
 Masyarakat wajib menggunakan masker saat keluar rumah di tengah wabah virus Corona (COVID-19).,Positif
Harapan jokowi DPR segera setujui perpu corona jadi UU,Positif
"Tiga penumpang KRL positif virus Covid-19 berdasarkan hasil tes swab di Stasiun Bogor, Jabar.",Positif
"Kalau sudah main panggilan-panggilan begini, biasanya alasan paling klasik untuk tidak memenuhi panggilan adalah pergi umroh",Positif
: Tiga gnome SARS-CoV-2 dari tiga orang penderita COVID-19 berhasil dipetakan Lembaga Biologi Molekuler Eijkman.,Positif
"sy mila ingin berdoa semoga corona cepat"""" musnah dari bumi",Positif
" Makasar panas kan, masa corona berani juga kesana ?",Positif
"Stop Berkerumun, Ayo Jaga Kebersihan dan Jaga Jarak Untuk Kesehatan dan Keselamatan Kita Semua",Positif
"Iya saya juga sedih wabah corona ini, kangen kampus, kangen teman2, kangen meeting sama klien sambil suguhi aneka makan",Positif
"Hal ini untuk menghadirkan kesan lebih baik untuk wisatawan, setelah pandemi berakhir. ",Positif
Jerinx berkali-kali menegaskan kalau ia percaya ada agenda para elit global di balik mewabahnya virus corona ini,Positif
CORONA itu sebenarnya hanya wabah. Tp ditangan pemimpin yg lemah berubah jadi musibah.,Positif
Wanti-wanti Jokowi Antisipasi Gelombang Kedua Corona dari Kepulangan TKI,Positif
Kasus Tertular dan Sembuh Seimbang,Positif
"Sedih gue, Ya Allah angkatlah corona ini Ya Allah.",Positif
 Kita prihatin setelah 3 hari tren kasus Corona di DKI menurun kembali melonjak. Ini sinyal bhw wabah Corona masih jauh dari indonesia,Positif
Awalnya disini.  Tdk perlu takut dgn yg namanya virus corona.  Data yg saya terima 84% dpt disembuhkan.,Positif
"Suku Dinas Kesehatan Jakarta Pusat menggelar rapid test kepada warga di Kelurahan Kebon Kacang, Jakarta Pusat. ",Positif
Corona cepet cepet ilang plisss kebutuhan gue banyak banget ini,Positif
Stop Sebar Hoax Corona! Sebar Hoax Bisa Kena UU ITE! #LawanHoaxBeritaCorona #2020berkata ,Positif
baek gue beli satu dulu ya... yang lainnya nyusul habis corona selese dah serius,Positif
" Ajudan Wagub Sumut, menjadi kasus pertama terinfeksi virus Corona setelah sebelumnya dinyatakan sembuh.",Positif
BPOM akhirnya buka suara. Waspada klaim sesat Satgas Jamu Tongfang Dasco Gerindra yang menyatakan #HERBAVID19 dapat menyembuhkan,Positif
,Positif
"Pak,bapak sempat kena virus corona loh dan sama Allah masih dikasih waktu",Positif
Presiden @jokowi meminta jajarannya untuk membantu menekan persebaran virus Corona di sejumlah daerah yang angkanya masih tin…ggi,Positif
@JokoHQ silahkan berkelompok 10 orang pilih 1 orang jadi ketua u maju presentasi (tes corona) gitu ya?,Positif
tujuan Perpu 1/2020 adalah semata2 memberikan ruang gerak bagi pemerintah untuk melakukan stimulus fiskal dan langkah2 lain ya,Positif
"pihak yg bersebrangan dgn pemerintah dlm program penanggulang corona, diam2 sudah mulai mengakui dan menyadari manfaatnya ",Positif
"tetapi, bukannya pemberitaan itu menandakan bahwa Corona sudah mulai pulih?",Positif
Surat presiden mengenai Perpu Keuangan Negara dan Stabilitas Keuangan saat darurat virus corona sudah berada di DPR. ,Positif
"Cegah Penyebaran Corona, Anggota Polresta Palangkaraya Kalteng dan Yayasan Ini Bagikan Masker ",Positif
"Kabar baiknya, tak ada penambahan kasus positif corona di Selandia Baru selama dua hari berturut.",Positif
DPR HARUS SETUJUI Perpu Corona Menjadi UU CORONA ,Positif
Di mana untuk membahas langkah-langkah BUMN dalam penanganan Virus Corona atau Covid-19.,Positif
Mundur! Wabah Corona di Indonesia yang sebelumnya diprediksi selesai di 6 Juni kini bergeser menjadi 23 September 2020. ,Positif
Asal Corona dari China. Tapi sampai saat ini TKA China masih mengalir masuk ke Indonesia. Logika berpikir para pemimpin kita,Positif
Takut kepada ALLAAH mendatangkan KETENANGAN.,Positif
Takut kepada selain ALLAAH mendatangkan KEGELISAHAN,Positif
selesai corona ayok makan seblak pademangan,Positif
 Presiden Jokowi memerintahkan pengendalian arus balik ke arah Jabodetabek. Jokowi meminta agar arus balik tidak memunculkan,Positif
Pasien Positif Corona di Aceh Tinggal SatuÿOrang,Positif
Kita Bisa Belajar dari Kesuksesan China Tangani Corona,Positif
Selesai corona semoga bisa ngerasain keuwuan pokoknya,Positif
Ayo corona cepet ilang dong aku mau nyari sekolah,Positif
"Mau berbagi sedikit cerita dari temen gw yg """"Sembuh"""" dari Corona.",Positif
"Untuk mencegah terjadinya krisis pangan selama pandemi virus Corona, seorang Kepala Desa Di Kabupaten Blitar ",Positif
"Abis corona pokoknya mau liat ijo"""" lagiiiii",Positif
Bangkitkan Kesadaran Diri Sendiri Demi Berakhirnya Corona,Positif
Kgn kumpul? di tapi terhambat corona ,Positif
"Skip dulu ya, nanti selesai corona pasti mama nafkahin kamu lagi okay?",Positif
"Corona kelar, pengadilan agama penuh",Positif
"Corona cepatlah pergi, Udah sebulan dirumah nih rebahan terus ",Positif
"Cegah Penularan Corona, Tukang Cukur Ini Kenakan APD",Positif
Gimana corona di korea? Udah aman ya korea?,Positif
Udah posting di IG tp kayanya butuh dishare di twitter juga ,Positif
Cuss lah. Corona enyah kita njajan. Sampek koe lemuu aku ora,Positif
Disuruh bikin teks drama tentang corona bingung sendir anjr,Positif
Menkopolhukam Mahfud MD membeberkan soal hak imunitas pemerintah di Perpu corona,Positif
Pemprov Jabar waspadai potensi penyebaran virus corona di tempat kerja ,Positif
" Iya saya juga sedih wabah corona ini, kangen kampus, kangen teman2, kangen meeting sama klien sambil suguhi aneka makan",Positif
"Viral video dua pria membagikan sembako dan uang. Dalam video tersebut, sembako plus uang tunai itu dibagikan kepada warga ",Positif
"Sebentar lagi musim berganti, gaes..",Positif
"Mudah2n bisa minimalisir virus #Corona, ",Positif
Sebuah data kembali mengungkap prediksi akhir wabah virus Corona di sejumlah negara. RI bakal mengakhiri wabah lebih lama,Positif
"Corona cepat selesai dong, di rumah mulu duit ga jalan ya Allah nangis banget",Positif
Mudik dilarang itu untuk keselamatan bersama disaat pandemic seperti ini,Positif
Gaya @ganjarpranowo mengecek persiapan New Normal di mall,Positif
atut dicontoh oleh yg lain turun langsung ke lapangan agar penerap…,Positif
" Kondisi kota surabaya sudah parah dalam penanganan virus corona, Pemkot sudah tidak mampu mengendalikan dan kemampuan rumah…",Positif
"aku: """"pengen udahan coronanya""""",Positif
kita taruhan yu yang duluan udahan kita atau corona…,Positif
Tapi kita belum akan melakukan normal baru dalam waktu pendek. Kalau nanti kita melihat grafiknya masih tinggi tentu normal…,Positif
"Jaga-jarak, jaga-diri, kawan2 semua",Positif
" Menurut pemerintah hari ini tidak ada penambahan signifikan kasus di daerah, tapi jumlah penambahan kasus hari ini mencapai 6",Positif
Dokter Pembongkar Kebobrokan Penanganan Corona di Surabaya akan Dihukum,Positif
" kapal-kapal wisata di Labuan Bajo semasa corona. Satu persatu tenggelam, menanti corona selesai. ",Positif
Tunda untuk tahun ajaran baru sekolah selama pandemik corona - Tandatangani Petisi! ,Positif
@omkuyusss Yang penting kan benefitnya mas hehe,Positif
"Dpet crita tmn , pcrnya kena corona di LA . Gila2 g tertolong ",Positif
"Bukan karna corona, tp emang menghindar biar ga ketemu aja ya hehe",Positif
Bayangin kamu tidur terus besok pagi bangun dan ternyata bencana corona ini ternyata cuma mimpi buruk dan kita bera…t,Positif
Kasus positif corona semakin meninggi sebagai gambaran tingkat kepedulian masyarakat masih rendah,Positif
"Soal Sekolah Kembali Dibuka, KPAI: Berpotensi Munculkan Klaster Baru Corona",Positif
"Corona itu seperti istrimu, ketika engkau mau mengawini, kamu berpikir, kamu bisa menaklukan dia. Tapi sesudah menjadi ist",Positif
@CutiepieLeo iyaa smoga per corona an ini bs sgera berakhir,Positif
"Yang berat tuh misscomnya. Kadang jadi overthinking, kadang misspresepsi, dibuat kangen gila2an, tapi masi…",Positif
Masa depan dunia pasca corona menyongsong peradaban baru islam (KHILAFAH).,Positif
 @podoradong: RS Unair berhenti menerima pasien corona ,Positif
@Aryprasetyo85 @HarisSekipi @jokowi Semoga putus mata rantai penyebaran virus corona ini…,Positif
"Hadapi New Normal, Ini 6 Cara Melindungi Diri dari Virus Corona Saat Kembali Bekerja di Kantor",Positif
Lepas Libur Libur. Seandainya tak ada corona. Mungkin ku sudah pulang k bdg.,Positif
"Pengen ketemu tau sayang,tapi jauh dan ditambah lagi ada corona",Positif
Jokowi Kerahkan TNI Polri Untuk Aktif Mendisiplinkan Masyarakat,Positif
"Sebelum corona boro2 gitu, corona bener2 bisa merubah perilaku sih. Untungnya berubah ke hal yg positif.",Positif
Pemkot Bekasi Jelaskan Sekeluarga Positif Corona: Bukan Tertular Saat Salat ,Positif
Seorang dokter mengungkapkan bantuan Pemkot Surabaya yang diberikan kepada tenaga medis berupa makanan.,Positif
" wildan ulang tahun gak kek gini gini kali padahal lagi corona jugak, sedih sedihh andre aja yg baru masuk…",Positif
Survei: Penanganan Corona oleh Provinsi Lebih Baik dari Pusat,Positif
"sebenernya aku kangen bgt sama malang, tp kalo kuliah masuk pas corona blm membaik jatohnya kayak jihad ga sih?",Positif
YA ALLAH KAPAN CORONA RAMPUNG ,Positif
"Ga cukup kasih panggung ke para pemercaya konspirasi yang propagandain corona ga bahaya, sekarang berempati sama koruptor…",Positif
org yg sekolah tinggi harusnya mikirnya tuh makin bijak. ,Positif
"Kalau corona belum ilang nih, pertanyaan cuma satu. Kapan balik kuliah lagi?",Positif
Anies menegaskan penggunaan SIKM untuk melindungi warga Jakarta dari virus corona.,Positif
kmren pas corona belum masuk kok gaada 'gladi corona' seh. santuy gtu ,Positif
"mikirin idup, kerjaan, corona, psbb tuh  pusing. mikirin kamu pusing juga tapi kok tetep diulang-ulang ya?",Positif
Jika terbukti  tidak dipenuhi maka pantaslah disebut tukang ngubul. ,Positif
"Penambahan jumlah corona perhari mulai tidak masuk akal, saking gak masuk akal, iki meden medeni opo yopo.. Suwe suwe mikirku dadi ngunu",Positif
@ehkntlo pengen kumpull kl dah kelar corona,Positif
WHO Minta Indonesia Hentikan Penggunaan Klorokuin ke Pasien Corona ,Positif
"perasaanku kekamu kayak corona di Indonesia, meski tak diinginkan tapi tetap bertambah",Positif
Sayang banget Lucinta Luna gaada pas corona gini,Positif
@azizarhma Kata corona gpp kalo mau beli es doang hyung,Positif
"Salut! 80,70% Warga Jakarta Puas dengan Cara Anies Tangani Wabah Corona",Positif
"guys doain saya biar dpt kerjaan, lg corona gini susah bgt dpt kerjaan",Positif
Alhamdulillah Terima kasih corona hadirmu meminimalisir pengeluaran ortuku yang biasanya perbulan nge tf uang jajan…,Positif
"Hehhh?? Istighfar nderrr.. maaf gabisa aku, corona sih, kalo ga ada corona gasss.. eh ya Allah. Siapa sih ini?",Positif
Perselingkuhan Ekonomi di Balik Pengesahan Perppu Corona.,Positif
Thread di kaskus gak seru nih sekarang udah gak natural apalagi ditambah lagi corona,Negatif
Sanksi Tegas untuk Individu dan Perusahaan yang Lakukan Pelanggaran di PSBB Periode Kedua,Negatif
"MUDIK sudah dilarang, ada kesempatan masih boleh PULANG KAMPUNG",Negatif
Sanksi Tegas untuk Individu dan Perusahaan yang Lakukan Pelanggaran di PSBB ,Negatif
Pengen ketemu tapi kehalang sama restu #corona,Negatif
"Tak Bisa Bayar Kontrakan, Warga Pilih Mudik Duluan",Negatif
"Gara gara kuliah online ke kamar mandi pun bawa hp segala, untung ga pake apl zoom.wkwkwkw #kuliah  #Corona",Negatif
Top News Rakyat Merdeka Edisi Cetak Soal Larangan Mudik Lebaran Pemerintah Tidak Ambil Kebijakan Grusa,Negatif
#Dari #AS #hingga #Eropa Tunjuk Hidung China #Penyebab #Wabah #Corona,Negatif
PETA DUSTA,Negatif
Menumpas Corona Birawa ,Negatif
Sedangkan skrng posisinya lagi kegini #corona bodohnya gua tetep aja kekeh pengen pulang alesan bnyk kelas online,Negatif
HAYO SEREMAN MANA ? HAH? NKRI BUKAN KALENG-KALENG,Negatif
"Pemerintah Kabupaten Muaro Jambi, Provinsi Jambi, memberikan pembebasan sementara terhadap 8 jenis pajak daerah selatan",Negatif
Pandemi Covid-19 yang disebabkan virus corona diperkirakan akan terus terjadi.,Negatif
"pagi bangsat, selamat hari jumat buat kamu yg namanya mamat #twitterreceh #twitter #dramatwitter #anaksekolahan #corona #maljum #seseorang",Negatif
"YANG MUDIK DENDA, KENAPA PUNISHMENT MULU YANG DIUMUMIN, KALO GA MUDIK DAPET REWARD APA DR PEMERINTAH ?",Negatif
mengerjakan tugas dari #sekolah secara online akibat adanya #pandemi #wabah #virus #corona (covid-19) yang mengharukan,Negatif
"10 Negara Terancam Kelaparan, Alhamdulillah, Indonesia Tak Masuk Catatan PBB #PBB #kelaparan #Corona #coronavirus",Negatif
"Semua Pahlawan dunia, Tidak mampu lawan #Corona",Negatif
Rekomendasi WHO: Tunda Kompetisi Hingga 2021#WHO #UEFA #Sepakbola #Coron,Negatif
INDIA also No.1 in #Corona World War. Thanks hon. shri,Negatif
Mau Demo Di Saat Begini Buruh Jangan Ngeyel Ah...#Demo #Buruh #MayDay2020#Corona,Negatif
Seorang pakar virologi senior Rusia mengatakan bahwa dugaan virus corona (covid-19) diciptakan oleh manusia,Negatif
Kenangan indah di pulau #sumatra penyebrangan di suasana wabah #corona,Negatif
"Sambikerep Manukan lancar, Manukan Margomulyo agak ruwet, ramai lancar @imandwi35 @e100ss , tetap semangat n sehat",Negatif
"Waduh, 23 Pemain Inter Milan Alami Batuk dan Demam",Negatif
Sunil Lahri Sbko dhanyawad krte hue @aajtak @ndtv @LahriSunil #coronaupdatesindia #Corona #SoniaGandhi,Negatif
"Puasanya jadi, lebarannya bisa jadi.#corona udah apa udah mainnya, balik keasal sono!",Negatif
Berbeda pendapat?salah?Lah Otak punya hak untuk berfikir secara liar bre.#corona,Negatif
"Putusan Bersama, MUI Kota Padang Tiadakan Shalat Terawih #Corona",Negatif
Kalau anda bingung dgn pernyataan Ketentuan Mudik yg sgt tegas ini berarti anda bukan warga negara kami,Negatif
"@MataNajwa @jokowi Ojol tidak pernah takut mati karena Corona, tapi mereka takut anak istrinya mati kelaparan! ",Negatif
"Kalau kaya gini terus, lama-lama kita lupa caranya bertegur sapa secara langsung.",Negatif
" Epidemi Coronavirus, membuat banyak destinasi yang sebelumnya populer tiba-tiba menjadi sepi",Negatif
"600 Ribu Masuk Jateng, 253 Ribu Masuk Jabar, 50 Ribu Masuk Jatim Mudik  Dilarang",Negatif
"Hampir seluruh aspek kehidupan penduduk dunia terdampak pandemi corona, termasuk sektor penerbangan yg anjlok sejak viruscorona masuk",Negatif
Blm ada yg berhasil dg sistem lockdown.,Negatif
Akibat #Corona Salat #Tarawih di Masjidil Haram dan Nabawi Tahun Ini Hanya 11,Negatif
"Maksa banget, Bisa beli berbagai sambungan pipa sama kita lengkap banget, gak usah bingung",Negatif
 Kredit 50 ribu rupiah doang udah bisa main game taruhan Adu Ayam #corona hahaha,Negatif
 Pengumuman Cina tentang pendirian wilayah administrasi baru di kawasan #LautCinaSelatan (LCS) menuai protes keras dari Viruscorona,Negatif
"Utk penanganan #Corona, pemerintah @jokowi sdh anggarkan bidang kesehatan melalui APBN. Apa saja anggaran nya? ",Negatif
"Gak cuma janji palsu yang bisa memupus harapan, ternyata #corona juga bisa ",Negatif
"H-1 Udh Puasa , Jadi Keinget Keselek Biji Kolak Pas Siang2 #Ramadhan #pulangkampung #Corona",Negatif
Menanyakan Mafia Alkes #Vox #Mafia #Alkes #coronavirus #Corona #CoronaVirusUpdate #COVID19 #COVID,Negatif
#WHO: #Virus #Corona Akan Bersama Kita untuk Waktu yang Lama,Negatif
Baru! Peneliti #China Beberkan 30 #Mutasi Baru #Virus #Corona,Negatif
Lockdown diperpanjang!?? Pada masa masa lockdown atau psychal distance ini apa sih yang kalian lakuin?,Negatif
Data dan Fkata Menarik Camp Nou yang Namanya Dijual Demi Penanganan Covid-19,Negatif
Pandemi Corona Covid-19 Bikin Nilai Jual Mbappe Merosot Tajam,Negatif
"nanti kita mati bukan gara2 #corona Tapi #kelaparan,",Negatif
"Ada 4 target yang harus dipenuhi setelah PSBB diterapkan di Surabaya, Sidoarjo, dan Gresik.",Negatif
"Kades di Lamongan, Angely Emitasari jadi perhatian karena menyambi sebagai biduan #Covid_19 #COVID #COVID19",Negatif
"Satu Virus Mengguncang Dunia #corona #viruscorona #coronavirus #covid19 #satuvirusmengguncangdunia @ Semarang,",Negatif
Presiden Joko Widodo akhirnya melarang warga untuk mudik pada Lebaran tahun ini.,Negatif
Ada banyak pekerja yang terdampak pandemi virus corona kesulitan mendaftar kartu prakerja.,Negatif
"Sebanyak 36 tenaga medis di Kabupaten Kudus, Jawa Tengah terindikasi positif Covid-19.",Negatif
Kata transmisi lokal sering dipakai dalam berita. Lalu apa itu transmisi lokal?,Negatif
"Puasanya jadi, lebarannya bisa jadi.",Negatif
"#corona udah apa udah mainnya, balik keasal sono!",Negatif
Corona bangsit! #CoronaBangsat #Corona #coronavirus #COVID,Negatif
"Utk penanganan #Corona, pemerintah @jokowi sdh anggarkan bidang kesehatan melalui APBN. Apa saja anggaran nya?",Negatif
#Corona pada ada duit nggak ? hehe ,Negatif
" @jokowi Ojol tidak pernah takut mati karena Corona, tapi mereka takut anak istrinya mati kelaparan! Kalau memang banyak",Negatif
Demo omnibuslaw ditengah pandemi covid-19 dapat mempercepat penyebaran virus korona #korona #corona #COVID19 ,Negatif
Ngga bisa klo stuck gini terus :(,Negatif
" Kamu, aku, dia (KITA) berpotensi membawa dan menularkan virus #corona",Negatif
"Buka fesbuk korona, Buka instajram korona, Buka yutup korona, Buka dompet KOSONGNA!!!!",Negatif
 @pln_123 @TirtaPatriot @ridwankamil @jokowi @fadjroeL Anda pekerja terdampak #Corona dan tinggal di Jabodetabek,Negatif
"Kalo mudik, bisa menyebarkan #viruscorona .",Negatif
 pulang kampung itu emang beda.,Negatif
"Dampak Corona, Sarjani Saran Petani Pidie Tak Jual Seluruh Padi",Negatif
Dilarang mudik gess #corona #Indonesia #dirumahaja,Negatif
Bersama cegah penyebaran covid-19 #Indonesia #corona #mudik,Positif
"Tadinya mau makan tapi nasinya panas banget, jangan2 kena #corona",Negatif
Lebih baik locdown total selama 14 hari dari pada psbb yang di perpanjang.. buang buang anggaran,Negatif
"Akibat covid, pelakor hilang dan bang toyib akirnya pulang.",Negatif
"eh, corona lo gak capek ya ngerjain.    kita mulu kayk gak ada kerjaan aja ",Negatif
RT @BudayaKito: Belenggu duka di balik corona,Negatif
"Saya masih saja penasaran. Banyak orang bilang """"semoga lekas sembuh bumi!"""", Padahal sebenernya yg sakit kan manusia",Negatif
"yang sedang terjadi adalah,BANSOS PEMERINTAH tidak semua kebagian,kita yang cuma seniman",Negatif
"Biar gak bosen di rumah, kami persembahkan """"TRIO LOCKDOWN"""" ",Negatif
"Bersikaplah seperti hari ini terakhir dan esok tak ada hari lagi,"""" berarti uang jajan sebulan boleh dong dihabisin",Negatif
Untuk menghindari CORONIA mari LIVE seks bareng ratu #coronia #corona ,Negatif
"Lawan Corona, Meutya Hafid Sumbang 20 Ton Beras",Negatif
Baca ini deh buat mengetahui seberapa galak netizen sana ahaha #GwynethPaltrow #Corona ,Negatif
Orderan sepi #corona,Negatif
"Koruptor, banyak yg kelaparan tuh karena perbuatan kalian... kembalikan yg sdh dijarah,  untuk makan yg kelaparan",Negatif
Harga Minyak Rebound Melonjak 20% ,Negatif
Kalau anda bingung dgn pernyataan Ketentuan Mudik yg sgt tegas ini berarti anda bukan warga negara kami,Negatif
gini amat dah idup gw. #corona,Negatif
Kalian tahu apa yg lebih ngeri daripada kkn di desa penari? Kkn pas masa pandemi corona lah yang lebih ngeri.. ,Negatif
Tetap lah hidup Sekali lagi.. Meski gak berguna,Negatif
Di tonton film corona part1 ,Negatif
kurang lebih ini respon temen temen yang tak dapetin jika mereka mencoba ngubah pandangan tentang #corona,Negatif
Banyak yang bilang bahwa pandemi corona ini merupakan Perang Dunia ke-3,Negatif
"Kamu, aku, dia (KITA) berpotensi membawa dan menularkan virus #corona",Negatif
"Selain pria asal Padang Pariaman itu, dua orang perempuan di Pesisir Selatan juga dinyatakan terinfeksi virus corona.  #Corona",Negatif
kamu menemukan berita hoax? yuk bantu kami memberantasnya!,Negatif
Petugas pemakaman adalah profesi yang juga beresiko terpapar virus di tengah semakin mewabahnya virus,Negatif
Minyak Mencapai Level Terendah Abad Ini Karena Krisis #Virus #Corona Menekan Permintaan,Negatif
"Larangan Mudik Lebaran 2020, KAI Batalkan Seluruh Perjalanan KA Jarak Jauh Dari dan Menuju Jakarta dan Bandung",Negatif
Beginilah kondisi Ibu Kota DKI Jakarta di hari ke-13 Pembatasan Sosial Berskala Besar (PSBB).,Negatif
"Kalo mudik, bisa menyebarkan #viruscorona .",Negatif
Demo omnibuslaw ditengah pandemi covid-19 dapat mempercepat penyebaran virus korona #korona #corona #COVID19 h,Negatif
"My president said """"itu bukan mudik, itu Pulang kampung""",Negatif
Bursa Eropa Rebound Mengatasi Kekhawatiran Coronavirus dan Harga Minyak ,Negatif
"Pengen lebih produktif, tapi lagi corona. Ywdh rebahan lagi.",Negatif
"Umpomo Kowe gelem dadi yang ku, Mungkin Corona wes minggat",Negatif
"Tanpa Gejala, Kisah Wiranto Positif Virus Corona sampai Diisolasi di Gubuk",Negatif
"Wihh lulus jalur corona, padahal gak sekolah",Negatif
"Ini Dia 7 Hal Unik Khas Ramadan yang Bikin Kita Rindu Berat, Enggak Boleh karena Corona #KangenBangetGakSih",Negatif
 Tak adanya jaminan dari negara atas kebutuhan rakyat membuat rakyat semakin terpuruk dalam kesengsaraan. ,Negatif
" DPR sah kan UU Corona, Amien Rais Kecewa karena Gugatan perppu corona ke MK otomatis gugur",Negatif
" Perang Panas Khofifah Vs Risma Imbas Corona Klaster PT Sampoerna, Tuding Walikota Surabaya Lelet",Negatif
"Corona dijauhin, dosa dideketin. Entahlah",Negatif
" Kasus Corona DKI Naik, Pakar UI: Jangan Cepat Senang, Apalagi Longgarkan PSBB",Negatif
"katanya corona yang mau selesai, tapi ko malah hubungan kita si yang selesai",Negatif
" Prediksi Akhir Wabah Corona Mundur, Indonesia Jadi 23 September",Negatif
Stop Sebar Hoax Corona! Sebar Hoax Bisa Kena UU ITE! #LawanHoaxBeritaCorona #2020berkata,Negatif
"Cukup sudah menyebarkan Hoax Corona, karena dapat merugikan banyak pihak dan pelakunya akan ditindak tegas",Negatif
"Pandemi Covid-19 berefek besar kepada semua pekerjaan, tak terkecuali Asisten Rumah Tangga.",Negatif
"Ajudan Wagub Sumut, menjadi kasus pertama terinfeksi virus Corona setelah sebelumnya dinyatakan sembuh. ",Negatif
Gatau apa lagi corona gini pemasukan seret,Negatif
 CORONA itu sebenarnya hanya wabah. Tp ditangan pemimpin yg lemah berubah jadi musibah.,Negatif
"Bosen main online, aing mau main sama temen2 mau nongkrong mau ngalong lagi lahh",Negatif
"Corona Mewabah, Petani di Blitar Bingung ke Mana Harus Jual Cabai ",Negatif
 Kalo dpt soalnya perekonomian semua org lagi seret grgr corona ,Negatif
Waduh! Airbnb mengeluarkan kebijakan pemutusan hubungan kerja (PHK) terhadap 25% dari total karyawan atau hampir 1.900 karyawan,Negatif
Seriously pak. Bapak udah pernah kena corona kenapa ga sadar2 sih ???,Negatif
"Istri sedang hamil, suami berhenti bekerja karena corona",Negatif
 gak yakin . yg teriak2 itu kalau g ada corona pada taraweh dan tadarus ,Negatif
 Tidak masalah. UU Corona masih bs digugat kok.,Negatif
Sulawesi Selatan berdasarkan data Kementerian Kesehatan menempati posisi kelima provinsi dengan kasus virus corona terbanyak,Negatif
PKS Tolak Perppu Corona Jokowi Jadi UU: Langgar Konstitusi.,Negatif
" DPR Sahkan UU Corona, Amien Rais Wajar Kecewa: Gugatan Perppu Corona ke MK Otomatis Gugur.",Negatif
" Mending kerja lah nun, lah ini gegara corona makin sepi aja loker. Umur bentar lagi nambah",Negatif
Kak aku lg ngirit banget gara2 corona ngga ada pemasukan,Negatif
"Minum Sperma Untuk Cegah Corona, Wanita Ini Ditentang Dokter.",Negatif
iya bener banget aaa pgn corona cpt beres sumpek dirmh trs,Negatif
 Sinyal internet yang buruk membuat siswa di Gunungkidul harus naik ke bukit untuk kerjakan tugas sekolah.,Negatif
Media Sosial jadi instrumen penting dalam memberantas Hoax Corona.  #LawanHoaxBeritaCorona,Negatif
"Hehehe baru saja digugat, eh sdh disahkan DPR jadi Undang-undang. Jadinya gugatan pak Amien dkk otomatis gugur.",Negatif
"katanya corona yang mau selesai, tapi ko malah hubungan kita si yang selesai",Negatif
"Aku kamu saling merindukan, tapi terhalang karena pandemi corona. ",Negatif
"zoom, Bukalapak, Tokopedia, Gmail. Ini hacker lgi gabut pasti grgr pandemic corona.",Negatif
"Terjaring Jam Malam PSBB di Warung Kopi, 4 Orang Positif Corona",Negatif
"Corona ngene ki nek ra musim penyakit, musim maling, yo musim wong ngutang ",Negatif
" Gak ada duit aku tuh, Semenjak Corona pemasukan uang jajan gak ada",Negatif
Corona di indonesia tipenya suka ngeprank rapid tes dan pake sun block biar gk kepanasan,Negatif
Apapun kode dan namanya.. Semua virus corona berawal dari China.,Negatif
"Pas corona : ya allah rebahan mulu, gabut, capek",Negatif
lagi-lagi pejabat diutamakan kapan kelarnya corona kalo gini mulu pak @jokowi,Negatif
Belum selesai Corona mereka malah mau ribut,Negatif
"Corona ga ada niatan pulang apa , duit gua udh kecekek ni",Negatif
"Polri terus mencegah warga mudik di tengah wabah virus corona. Nyatanya, masih ada saja warga yang nekat mudik dengan santai",Negatif
"Corona di Agam mulai merambah Kecamatan Baso, Ampek Angkek hingga ke ibu kota kabapaten di Lubuk Basung.",Negatif
"Gara-gara corona masalah dtgnya ga jauh-jauh dari wifi, signal, kuota. tp klo call doang abis kuota banyak yah?",Negatif
Hoax Corona Timbulkan Skeptis dan Kebingungan di Lingkungan Masyarakat. #LawanHoaxBeritaCorona #2020berkata ,Negatif
" 2021 katanya, gatau jg klo diundur grgr corona",Negatif
"UU Corona bukan utk membuat pejabat kebal hukum, melainkan sbg dasar hukum agar bisa menggunakan anggaran demi kepentingan",Negatif
"Indonesia kynya udah nyerah psbb ya, udah siap the new normal ngikutin korea, sudah menerima hidup dg corona. ",Negatif
 Sinyal internet yang buruk membuat siswa di Gunungkidul harus naik ke bukit untuk kerjakan tugas sekolah. ,Negatif
"Gmn dgn berita ini, cukup nyebelin  ga buat elo, Ko? Tp klo mau bangga juga bebas.",Negatif
duhhh plin plan gini sih kapan mo kelar corona di indonesia ia ia gak gak klo bikin aturan,Negatif
"Virus Corona kalah di Taiwan dgn tanpa lockdown. Entah mereka percaya Konspirasi elit global atau engga, tapi satu negara",Negatif
" Corona dijauhin, dosa dideketin. Entahlah",Negatif
"Ya Rabb, musnahkan lah virus corona covid-19 jg covid",Negatif
Media Sosial jadi instrumen penting dalam memberantas Hoax Corona.  #LawanHoaxBeritaCorona #2020berkata,Negatif
"Apalagi setelah corona melanda bangsa dan negara kita, termasuk kami di Papua,  pendidikan  kami seperti diluluntakkan",Negatif
"Mas Bayu pulang kapan,Bukanya lagi corona gaboleh pulang?",Negatif
Brebes adalah daerah terakhir di Jawa Tengah yang ditemukan orang terinfeksi virus corona.,Negatif
"Waduh! Kepala BPS Suhariyanto mengatakan, angka pengangguran ini belum termasuk jumlah pengangguran yang terjadi selama pandemic",Negatif
Emang dagelan sekali negeri ku ini. ,Negatif
s gila banyak bgt harta karun di bulan mei. tapi kenapa pas ada corona bgst,Negatif
"Corona merusak otak juga, rupanya",Negatif
Tanggal 15 Mei besok kuliah online pun selesai dan mulailah dengan menjadi seperti pengangguran jalur Corona.,Negatif
UDH TAU LGI CORONA BKNNYA HEMAT MALAH BOROS,Negatif
"Level pejuang dan tukang bacot memang beda.. Pakai alasan PSBBlah, usia rentanlah.. Pak Luhut saja usianya yang jauh lebih tua",Negatif
"w bikin data nama yg positif corona jerink malah gagal bikin poinnya asu konspirasi,,,,,,,, corona nga brani sm jerinkk",Negatif
Corona cepet selesai poo pengen potong rambut. Ga betah beud rambut kalo dah lebih sebahu :(,Negatif
" Jangan hilangkan dia, hilangkan saja corona ",Negatif
"ini pocong ludah sembarangan, udh tau musim corona",Negatif
"Waduh! Ekonomi RI Cuma Tumbuh 2,97% di Kuartal I-2020 semenjak pandemic",Negatif
"Di tengah maraknya virus corona, banyak menimbulkan keresahan masyarakat",Negatif
"Mungkin  rekayasa Alloh dgn adanya virus Corona ini  akan membongkar tabir kepalsuan seseorang???,walloohu a,lam bimuroodihi.",Negatif
Hm dia punya nak bauk dkat dalam mall tu haih rasa serba salah  kang nanti org syak aku ada corona ,Negatif
Saya heran kenapa beberapa pihak mempermasalahkan UU Corona. Jelas-jelas itu untuk kemaslahatan banyak orang. ,Negatif
"Dijenguk kepala daerah emang epic, tapi pernah gak si lo jadi pasien corona malah wajib militer ",Negatif
Gerombolan Manusia2 Pendengki tak berkutik.,Negatif
"Gara-gara pandemi virus Corona yang begitu mematikan bagi sektor penerbangan, Qatar Airways telah menyiapkan rencana pemangkal",Negatif
Lah terus kenapa atuh yg harus diawasi cuma klaster Jmaah Tabligh Gowa ?,Negatif
"Di masa pandemi, jurnalis tak hanya bisa terinfeksi Corona. Ia juga terancam oleh pemidanaan seperti yang dialami Dianant",Negatif
CORONA BUKAN AIB,Negatif
" Bupati Karawang, Cellica dinyatakan positif virus corona. Sebelumnya ia menghadiri 7 acara. Di mana saja?",Negatif
Kesalahan Penanganan Virus Corona di Indonesia Telah Mengubah Wabah Menjadi Musibah,Negatif
padat skli. oto mau lewat sj susah. gara gara berita corona di sana lgsg sepi kapae,Negatif
Selama hampir 2 bulan ini gue okay dgn wfh dan segalam macam koordinasi via online tapi hari ini batas limit gue udah habis,Negatif
Virus corona bermutasi. Makin banyak yg terinfeksi makin banyak juga mutan nya. What a time to be alive,Negatif
sebelum di hukum mati harap di suntik virus corona agar paham betapa menyakitkannya virus itu. #AwasProvo,Negatif
Masih bandel tetap mudik?,Negatif
"Temuan Baru, Mutasi Virus Corona Kian Melemah",Negatif
demam? lu corona ya?,Negatif
"Kasus Corona DKI Naik, Pakar UI: Jangan Cepat Senang, Apalagi Longgarkan PSBB ",Negatif
Siapa tahu handan Survei Tarif hotel di musim corona nih,Negatif
bergaya religius  tapi arogan itulah pemilik kavling surga saat terjangkit covid 19,Negatif
"Pejabat negara termasuk anggota DPR akan diperbolehkan bepergian di tengah larangan mudik, asal karena tugas negara",Negatif
"Pantes kang amin rais kecewa, wong gugatannya tentang Perppu Corona ke Mahkamah Konstitusi (MK) pasti auto ditolak",Negatif
 Udeh corona itu bakal abadi di nih negara,Negatif
"Corona Mewabah, Petani di Blitar Bingung ke Mana Harus Jual Cabai.",Negatif
"Uang sudah tak punya, hutang dimana-mana",Negatif
"Corona hilang, aku piknik",Negatif
Bantu RT biar warga indonesia tahu. Serin2 ngontrol da tu tagihan blnnya. Kususnya yg ga punya duit kaya ane.,Negatif
"Waahhh Corona jadi kesempatan untuk reproduksi, momen juga pas musim hujan ",Negatif
"Corona cepatlah pergi, biar aku bisa cari kerja dilurkot",Negatif
 gamau dirumah terusss Bisa-bisa akk gila:(,Negatif
 minus pendapatan besar pengeluaran. Muatan sepi. Dangdutan yo prei. Corona merajalela. #sobatambyarbeduka ,Negatif
dulu saya kerap heran kenapa jarang sekali bermimpi. tapi sejak tinggal di rumah karena pandemi corona,Negatif
Stress karna lockdown Corona? Gak perlu Juwanto Surabaya,Negatif
sgd didieu aya nu putus gara gara ldr corona teu?,Negatif
Yang mengerikan dari perediksi Corona tetap ada hingga September adalah kelakuan manusia Indonesianya. Akan makin cuek.,Negatif
 Katanya Kagak Takut Ama Corona Tapi Kog Lu Pake Masker Bliiiih ,Negatif
Kira-kira album juga bakal telat gasi nyampe ke indo gara-gara corona?,Negatif
"Pantes kang amin rais kecewa, wong gugatannya tentang Perppu Corona ke Mahkamah Konstitusi (MK) pasti auto ditolak ",Negatif
"Dari 1,4 milyar penduduk sana ya paling 2 ribuan (yang terkena virus corona).",Negatif
Daya jual dan daya beli ikut surut selama pandemic Corona.,Negatif
iya ih ini rambut udah gondrong aja. padahal baru digunting jg pas sebelum heboh corona vibes ini.,Negatif
"Baru kali ini bosen sama rebahan, bosen main hp. Cepetan kelar dong corona bngst!",Negatif
"sebenernya yang aku pengen penjelasan pastinya bukan kapan kelarnya, tapi seberbahaya apa sih virus corona ini?",Negatif
"Pademik corona ini membuat semua pergerakan masyarakat jadi terbatas, biasanya kita selalu bebas.untuk pergi kana ",Negatif
Entah mereka percaya Konspirasi elit global atau engga,Negatif
Tidak realistis memaksakan perhelatan sekaliber pilkada untuk saat ini.Kita dukung pemerintah untuk bisa fokus,Negatif
"Denger yg meninggal krn corona nanti cuma """"oh biasa """,Negatif
corona nya nyebar kmna mana tuh,Negatif
" Gua malah mikir, klo sekolah terpaksa dibuka ketika pandemi berlangsung + vaksin belum ada  sama aja kayak memusna",Negatif
"Yang bikin hastag new normal pulihkan ekonomi, apa gak belajar dr omongan2 sebelumnya?",Negatif
Utk kesekian kalinya @aniesbaswedan menentang kebijakn pusat terkait penanggulangn corona utk mndapat panggung politik,Negatif
" Aku tersindir haha, gegara corona gw makin males buka whatasapp/line. Pas ada chat masuk mls bales sampe kelupa…",Negatif
Sejumlah pasar tradisional di Indonesia ditutup setelah beberapa orang di pasar-pasar tersebut dinyatakan positif virus corona,Negatif
"corona jancok aku gak iso muleh, tiket wes tak batalno",Negatif
"Corona gak kelar2, aku udh pengen melangkahkan kaki ke dp mall, cuma buat makan terus ngobrol ga jelas sama temen2",Negatif
 Yaudah tunggu corona selesai dulu world tour nya,Negatif
Siap perang lawan corona,Negatif
gakelar kelar ini corona deh grgr org fakultas lo yg tolol,Negatif
Bersama cegah penyebaran covid-19 #Indonesia #corona #mudik ,Negatif
"Tadinya mau makan tapi nasinya panas banget, jangan2 kena #corona",Negatif
Lebih baik locdown total selama 14 hari dari pada psbb yang di perpanjang.. buang buang anggaran,Negatif
"Hayo virus #Corona ki ora koyo laler sik iso ditamplek! Opo meneh aspal, sik tok kiro lembek",Negatif
"PSBB, MRT Jakarta Tambah Penutupan Dua Stasiun Lagi",Negatif
